Workbook

Sheet 00_README
A1: PRAP source data - dummy
A3: Schema version 5. Matches PRAP_Development_Plan_v1.0.xlsx, sheet 04_Data_Model.
A5: COLOUR KEY
A6: Blue identifier or key column - these link the sheets together.
A7: Green DERIVED. Do not type in these. They are LOCKED, so the sheet will refuse the
A8: edit, and the column heading carries a note saying why. See below.
A9: Yellow you must supply this value. The application cannot work it out.
A10: Grey italic row an example, in the template only. Delete it before use.
A12: DERIVED COLUMNS ARE LOCKED
A13: Three columns are computed, not entered:
A14: Project.total_period_months from start_date and end_date
A15: Milestone.project_name looked up from Project
... A111: Replace them with your own before drawing any conclusion from the output.

Sheet Project
A1: project_id | B1: project_name | C1: project_type | D1: project_category | E1: clinical_phase | F1: outsourcing_type | G1: EDC_setup | H1: DataReviewSystem_setup | I1: RBQM_setup | J1: DM_conduct | K1: EDC_system | L1: DataReviewSystem | M1: RBQM_system | N1: planned_member_count | O1: start_date | P1: end_date | Q1: total_period_months | R1: status | S1: note_1 | T1: note_2 | U1: note_3 | V1: note_4 | W1: note_5
A2: PRJ-001 | B2: ONV-101 Phase 1 | C2: NewDrug CT | D2: Onvelaris | E2: Phase 1 | F2: Partial outsourcing | G2: by SB | H2: by CRO | I2: by SB | J2: by CRO | K2: Rave | L2: Medidata CDS | M2: Medidata CDS | N2: 7 | O2: 45717 | P2: 46446 | Q2: =IF(OR($O2="",$P2=""),"",(YEAR($P2)-YEAR($O2))*12+MONTH($P2)-MONTH($O2)+1) | R2: Active
A3: PRJ-002 | B3: CAR-102 Phase 2 | C3: NewDrug CT | D3: Cardexa | E3: Phase 2 | F3: Full In-house | G3: by CRO | H3: by SB | I3: by CRO | J3: by SB | K3: eSOURCE | L3: No system (manual) | M3: No system (manual) | N3: 3 | O3: 45962 | P3: 46873 | Q3: =IF(OR($O3="",$P3=""),"",(YEAR($P3)-YEAR($O3))*12+MONTH($P3)-MONTH($O3)+1) | R3: Active
A4: PRJ-003 | B4: NEU-103 Phase 3 | C4: Biosimilar CT | D4: Neurexa | E4: Phase 3 | F4: Full outsourcing | G4: by SB | H4: by CRO | I4: by SB | J4: by CRO | K4: Veeva EDC | L4: Veeva DQS | M4: CluePoints | N4: 8 | O4: 46023 | P4: 46934 | Q4: =IF(OR($O4="",$P4=""),"",(YEAR($P4)-YEAR($O4))*12+MONTH($P4)-MONTH($O4)+1) | R4: Active
A5: PRJ-004 | B5: REN-104 Phase 4 | C5: NewDrug CT | D5: Renvia | E5: Phase 4 | F5: Partial outsourcing | G5: by CRO | H5: by SB | I5: by CRO | J5: by SB | K5: Rave | L5: Medidata CDS | M5: Medidata CDS | N5: 8 | O5: 45809 | P5: 46721 | Q5: =IF(OR($O5="",$P5=""),"",(YEAR($P5)-YEAR($O5))*12+MONTH($P5)-MONTH($O5)+1) | R5: On hold
A6: PRJ-005 | B6: HEP-105 Phase 1 | C6: NewDrug CT | D6: Hepatiq | E6: Phase 1 | F6: Full In-house | G6: by SB | H6: by CRO | I6: by SB | J6: by CRO | K6: eSOURCE | L6: No system (manual) | M6: No system (manual) | N6: 4 | O6: 46023 | P6: 46934 | Q6: =IF(OR($O6="",$P6=""),"",(YEAR($P6)-YEAR($O6))*12+MONTH($P6)-MONTH($O6)+1) | R6: Completed
A7: PRJ-006 | B7: IMM-106 Phase 2 | C7: Biosimilar CT | D7: Immunex | E7: Phase 2 | F7: Full outsourcing | G7: by CRO | H7: by SB | I7: by CRO | J7: by SB | K7: Veeva EDC | L7: Veeva DQS | M7: CluePoints | N7: 4 | O7: 45689 | P7: 46418 | Q7: =IF(OR($O7="",$P7=""),"",(YEAR($P7)-YEAR($O7))*12+MONTH($P7)-MONTH($O7)+1) | R7: Planned
A8: PRJ-007 | B8: OST-107 Phase 3 | C8: NewDrug CT | D8: Osteva | E8: Phase 3 | F8: Partial outsourcing | G8: by SB | H8: by CRO | I8: by SB | J8: by CRO | K8: Rave | L8: Medidata CDS | M8: Medidata CDS | N8: 5 | O8: 45931 | P8: 47208 | Q8: =IF(OR($O8="",$P8=""),"",(YEAR($P8)-YEAR($O8))*12+MONTH($P8)-MONTH($O8)+1) | R8: Active
A9: PRJ-008 | B9: PUL-108 Phase 4 | C9: NewDrug CT | D9: Pulmora | E9: Phase 4 | F9: Full In-house | G9: by CRO | H9: by SB | I9: by CRO | J9: by SB | K9: eSOURCE | L9: No system (manual) | M9: No system (manual) | N9: 3 | O9: 45931 | P9: 47208 | Q9: =IF(OR($O9="",$P9=""),"",(YEAR($P9)-YEAR($O9))*12+MONTH($P9)-MONTH($O9)+1) | R9: Active
A10: PRJ-009 | B10: CDISC library migration | C10: Others | F10: Full outsourcing | N10: 5 | O10: 46419 | P10: 46599 | Q10: =IF(OR($O10="",$P10=""),"",(YEAR($P10)-YEAR($O10))*12+MONTH($P10)-MONTH($O10)+1) | R10: Active
A11: PRJ-010 | B11: eTMF rollout | C11: Others | F11: Partial outsourcing | N11: 2 | O11: 46388 | P11: 46660 | Q11: =IF(OR($O11="",$P11=""),"",(YEAR($P11)-YEAR($O11))*12+MONTH($P11)-MONTH($O11)+1) | R11: Active

Sheet Milestone
A1: project_id | B1: project_name | C1: milestone_name | D1: milestone_date | E1: milestone_seq | F1: note_1
A2: PRJ-001 | B2: =IFERROR(INDEX(Project!$B:$B,MATCH($A2,Project!$A:$A,0)),"") | C2: Protocol (v1) | D2: 45748 | E2: 1
A3: PRJ-001 | B3: =IFERROR(INDEX(Project!$B:$B,MATCH($A3,Project!$A:$A,0)),"") | C3: CTA submission | D3: 45809 | E3: 2
A4: PRJ-001 | B4: =IFERROR(INDEX(Project!$B:$B,MATCH($A4,Project!$A:$A,0)),"") | C4: First SIV | D4: 45931 | E4: 3
A5: PRJ-001 | B5: =IFERROR(INDEX(Project!$B:$B,MATCH($A5,Project!$A:$A,0)),"") | C5: LPI | D5: 46143 | E5: 4
A6: PRJ-001 | B6: =IFERROR(INDEX(Project!$B:$B,MATCH($A6,Project!$A:$A,0)),"") | C6: interim DB lock cut-off | D6: 46143 | E6: 5
A7: PRJ-001 | B7: =IFERROR(INDEX(Project!$B:$B,MATCH($A7,Project!$A:$A,0)),"") | C7: interim DB lock | D7: 46204 | E7: 6
A8: PRJ-001 | B8: =IFERROR(INDEX(Project!$B:$B,MATCH($A8,Project!$A:$A,0)),"") | C8: final DB lock cut-off | D8: 46327 | E8: 7
A9: PRJ-001 | B9: =IFERROR(INDEX(Project!$B:$B,MATCH($A9,Project!$A:$A,0)),"") | C9: final DB lock | D9: 46388 | E9: 8
A10: PRJ-002 | B10: =IFERROR(INDEX(Project!$B:$B,MATCH($A10,Project!$A:$A,0)),"") | C10: Protocol (v1) | D10: 45992 | E10: 1
A11: PRJ-002 | B11: =IFERROR(INDEX(Project!$B:$B,MATCH($A11,Project!$A:$A,0)),"") | C11: CTA submission | D11: 46054 | E11: 2
A12: PRJ-002 | B12: =IFERROR(INDEX(Project!$B:$B,MATCH($A12,Project!$A:$A,0)),"") | C12: First SIV | D12: 46174 | E12: 3
A13: PRJ-002 | B13: =IFERROR(INDEX(Project!$B:$B,MATCH($A13,Project!$A:$A,0)),"") | C13: LPI | D13: 46508 | E13: 4
... A29: PRJ-004 | B29: =IFERROR(INDEX(Project!$B:$B,MATCH($A29,Project!$A:$A,0)),"") | C29: final DB lock | D29: 46661 | E29: 6
A30: PRJ-004 | B30: =IFERROR(INDEX(Project!$B:$B,MATCH($A30,Project!$A:$A,0)),"") | C30: Inspection | D30: 46722 | E30: 7 | F30: Regulatory inspection
A31: PRJ-005 | B31: =IFERROR(INDEX(Project!$B:$B,MATCH($A31,Project!$A:$A,0)),"") | C31: Protocol (v1) | D31: 46054 | E31: 1
A32: PRJ-005 | B32: =IFERROR(INDEX(Project!$B:$B,MATCH($A32,Project!$A:$A,0)),"") | C32: CTA submission | D32: 46113 | E32: 2
A33: PRJ-005 | B33: =IFERROR(INDEX(Project!$B:$B,MATCH($A33,Project!$A:$A,0)),"") | C33: First SIV | D33: 46235 | E33: 3
A34: PRJ-005 | B34: =IFERROR(INDEX(Project!$B:$B,MATCH($A34,Project!$A:$A,0)),"") | C34: LPI | D34: 46569 | E34: 4
A35: PRJ-005 | B35: =IFERROR(INDEX(Project!$B:$B,MATCH($A35,Project!$A:$A,0)),"") | C35: interim DB lock cut-off | D35: 46569 | E35: 5
A36: PRJ-005 | B36: =IFERROR(INDEX(Project!$B:$B,MATCH($A36,Project!$A:$A,0)),"") | C36: interim DB lock | D36: 46631 | E36: 6
A37: PRJ-005 | B37: =IFERROR(INDEX(Project!$B:$B,MATCH($A37,Project!$A:$A,0)),"") | C37: final DB lock cut-off | D37: 46813 | E37: 7
A38: PRJ-005 | B38: =IFERROR(INDEX(Project!$B:$B,MATCH($A38,Project!$A:$A,0)),"") | C38: final DB lock | D38: 46874 | E38: 8
A39: PRJ-006 | B39: =IFERROR(INDEX(Project!$B:$B,MATCH($A39,Project!$A:$A,0)),"") | C39: Protocol (v1) | D39: 45717 | E39: 1
A40: PRJ-006 | B40: =IFERROR(INDEX(Project!$B:$B,MATCH($A40,Project!$A:$A,0)),"") | C40: CTA submission | D40: 45778 | E40: 2
A41: PRJ-006 | B41: =IFERROR(INDEX(Project!$B:$B,MATCH($A41,Project!$A:$A,0)),"") | C41: First SIV | D41: 45901 | E41: 3
A42: PRJ-006 | B42: =IFERROR(INDEX(Project!$B:$B,MATCH($A42,Project!$A:$A,0)),"") | C42: LPI | D42: 46113 | E42: 4
... A60: PRJ-008 | B60: =IFERROR(INDEX(Project!$B:$B,MATCH($A60,Project!$A:$A,0)),"") | C60: final DB lock | D60: 47150 | E60: 6
A61: PRJ-008 | B61: =IFERROR(INDEX(Project!$B:$B,MATCH($A61,Project!$A:$A,0)),"") | C61: Inspection | D61: 47209 | E61: 7 | F61: Regulatory inspection

Sheet ProjectPeriod
A1: project_id | B1: period_name | C1: period_seq | D1: period_start | E1: period_end | F1: weight | G1: note_1
A2: PRJ-001 | B2: Before-Start-up | C2: 1 | D2: 45717 | E2: 45748 | F2: 0.6 | G2: Derived from milestones
A3: PRJ-001 | B3: Start-up | C3: 2 | D3: 45749 | E3: 45931 | F3: 1.3 | G3: Derived from milestones
A4: PRJ-001 | B4: Conduct (interim) | C4: 3 | D4: 45932 | E4: 46112 | F4: 1 | G4: Derived from milestones
A5: PRJ-001 | B5: Close-out (interim) | C5: 4 | D5: 46113 | E5: 46204 | F5: 1.2 | G5: Derived from milestones
A6: PRJ-001 | B6: Conduct (final) | C6: 5 | D6: 46205 | E6: 46295 | F6: 1 | G6: Derived from milestones
A7: PRJ-001 | B7: Close-out (final) | C7: 6 | D7: 46296 | E7: 46446 | F7: 1.4 | G7: Derived from milestones
A8: PRJ-002 | B8: Before-Start-up | C8: 1 | D8: 45962 | E8: 45992 | F8: 0.7 | G8: Derived from milestones
A9: PRJ-002 | B9: Start-up | C9: 2 | D9: 45993 | E9: 46174 | F9: 1.4 | G9: Derived from milestones
A10: PRJ-002 | B10: Conduct (interim) | C10: 3 | D10: 46175 | E10: 46477 | F10: 1.1 | G10: Derived from milestones
A11: PRJ-002 | B11: Close-out (interim) | C11: 4 | D11: 46478 | E11: 46569 | F11: 1.3 | G11: Derived from milestones
A12: PRJ-002 | B12: Conduct (final) | C12: 5 | D12: 46570 | E12: 46721 | F12: 1.1 | G12: Derived from milestones
A13: PRJ-002 | B13: Close-out (final) | C13: 6 | D13: 46722 | E13: 46873 | F13: 1.5 | G13: Derived from milestones
... A51: PRJ-010 | B51: Close | C51: 3 | D51: 46606 | E51: 46660 | F51: 0.9 | G51: Entered by hand - no milestone mapping

Sheet PeriodWeightStandard
A1: project_type | B1: clinical_phase | C1: period_name | D1: weight | E1: note_1
A2: NewDrug CT | B2: Phase 1 | C2: Before-Start-up | D2: 0.6 | E2: Illustrative - replace with your figure | F2: Illustrative - replace with your figure
A3: NewDrug CT | B3: Phase 1 | C3: Start-up | D3: 1.3 | E3: Illustrative - replace with your figure | F3: Illustrative - replace with your figure
A4: NewDrug CT | B4: Phase 1 | C4: Conduct (interim) | D4: 1 | E4: Illustrative - replace with your figure | F4: Illustrative - replace with your figure
A5: NewDrug CT | B5: Phase 1 | C5: Close-out (interim) | D5: 1.2 | E5: Illustrative - replace with your figure | F5: Illustrative - replace with your figure
A6: NewDrug CT | B6: Phase 1 | C6: Conduct (final) | D6: 1 | E6: Illustrative - replace with your figure | F6: Illustrative - replace with your figure
A7: NewDrug CT | B7: Phase 1 | C7: Close-out (final) | D7: 1.4 | E7: Illustrative - replace with your figure | F7: Illustrative - replace with your figure
A8: NewDrug CT | B8: Phase 1 | C8: After Close-out (final) | D8: 0.84 | E8: Illustrative - replace with your figure | F8: Illustrative - replace with your figure
A9: NewDrug CT | B9: Phase 2 | C9: Before-Start-up | D9: 0.7 | E9: Illustrative - replace with your figure | F9: Illustrative - replace with your figure
A10: NewDrug CT | B10: Phase 2 | C10: Start-up | D10: 1.4 | E10: Illustrative - replace with your figure | F10: Illustrative - replace with your figure
A11: NewDrug CT | B11: Phase 2 | C11: Conduct (interim) | D11: 1.1 | E11: Illustrative - replace with your figure | F11: Illustrative - replace with your figure
A12: NewDrug CT | B12: Phase 2 | C12: Close-out (interim) | D12: 1.3 | E12: Illustrative - replace with your figure | F12: Illustrative - replace with your figure
A13: NewDrug CT | B13: Phase 2 | C13: Conduct (final) | D13: 1.1 | E13: Illustrative - replace with your figure | F13: Illustrative - replace with your figure
... A57: Biosimilar CT | B57: Phase 4 | C57: After Close-out (final) | D57: 0.61 | E57: Illustrative - lighter than new-drug at the same phase | F57: Illustrative - replace with your figure

Sheet RoleFactor
A1: project_type | B1: clinical_phase | C1: period_name | D1: role_name | E1: role_factor | F1: role_note
A2: NewDrug CT | B2: Phase 1 | C2: Before-Start-up | D2: Project oversight | E2: 0.68 | F2: Illustrative - replace with your figure
A3: NewDrug CT | B3: Phase 1 | C3: Before-Start-up | D3: Lead data manager | E3: 0.91 | F3: Illustrative - replace with your figure
A4: NewDrug CT | B4: Phase 1 | C4: Before-Start-up | D4: Clinical Data Associator | E4: 0.47 | F4: Illustrative - replace with your figure
A5: NewDrug CT | B5: Phase 1 | C5: Before-Start-up | D5: Clinical Database Programmer | E5: 0.73 | F5: Illustrative - replace with your figure
A6: NewDrug CT | B6: Phase 1 | C6: Before-Start-up | D6: Data Analyst | E6: 0.34 | F6: Illustrative - replace with your figure
A7: NewDrug CT | B7: Phase 1 | C7: Start-up | D7: Project oversight | E7: 0.76 | F7: Illustrative - replace with your figure
A8: NewDrug CT | B8: Phase 1 | C8: Start-up | D8: Lead data manager | E8: 1.37 | F8: Illustrative - replace with your figure
A9: NewDrug CT | B9: Phase 1 | C9: Start-up | D9: Clinical Data Associator | E9: 0.76 | F9: Illustrative - replace with your figure
A10: NewDrug CT | B10: Phase 1 | C10: Start-up | D10: Clinical Database Programmer | E10: 1.57 | F10: Illustrative - replace with your figure
A11: NewDrug CT | B11: Phase 1 | C11: Start-up | D11: Data Analyst | E11: 0.51 | F11: Illustrative - replace with your figure
A12: NewDrug CT | B12: Phase 1 | C12: Conduct (interim) | D12: Project oversight | E12: 0.76 | F12: Illustrative - replace with your figure
A13: NewDrug CT | B13: Phase 1 | C13: Conduct (interim) | D13: Lead data manager | E13: 1.14 | F13: Illustrative - replace with your figure
... A281: Biosimilar CT | B281: Phase 4 | C281: After Close-out (final) | D281: Data Analyst | E281: 0.69 | F281: Illustrative - replace with your figure
A282: Others | C282: Planning | D282: Project lead | E282: 1.1 | F282: Illustrative
A283: Others | C283: Planning | D283: Main staff | E283: 0.63 | F283: Illustrative
A284: Others | C284: Planning | D284: Other staff | E284: 0.42 | F284: Illustrative
A285: Others | C285: Develop | D285: Project lead | E285: 1 | F285: Illustrative
A286: Others | C286: Develop | D286: Main staff | E286: 1.08 | F286: Illustrative
A287: Others | C287: Develop | D287: Other staff | E287: 0.77 | F287: Illustrative
A288: Others | C288: Close | D288: Project lead | E288: 0.9 | F288: Illustrative
A289: Others | C289: Close | D289: Main staff | E289: 0.81 | F289: Illustrative
A290: Others | C290: Close | D290: Other staff | E290: 0.7 | F290: Illustrative

Sheet Person
A1: person_id | B1: person_name | C1: department | D1: primary_role | E1: capacity_fte | F1: employment_start | G1: employment_end | H1: note_1 | I1: note_2 | J1: note_3 | K1: note_4 | L1: note_5
A2: PSN-001 | B2: Kim S. | C2: Clinical Operations | D2: Project oversight | E2: 1
A3: PSN-002 | B3: Park J. | C3: Clinical Operations | D3: Project oversight | E3: 1
A4: PSN-003 | B4: Lee H. | C4: Data Management | D4: Lead data manager | E4: 1
A5: PSN-004 | B5: Choi M. | C5: Data Management | D5: Lead data manager | E5: 0.8
A6: PSN-005 | B6: Jung Y. | C6: Data Management | D6: Clinical Data Associator | E6: 1
A7: PSN-006 | B7: Han B. | C7: Data Management | D7: Clinical Data Associator | E7: 1
A8: PSN-007 | B8: Oh K. | C8: Programming | D8: Clinical Database Programmer | E8: 1
A9: PSN-008 | B9: Seo W. | C9: Programming | D9: Clinical Database Programmer | E9: 1
A10: PSN-009 | B10: Yoon T. | C10: Biostatistics | D10: Data Analyst | E10: 1
A11: PSN-010 | B11: Nam R. | C11: Business Systems | D11: Other staff | E11: 0.6

Sheet Assignment
A1: assignment_id | B1: person_id | C1: person_name | D1: project_id | E1: role_name | F1: assign_start_date | G1: assign_end_date | H1: person_weight | I1: note_1 | J1: note_2 | K1: note_3
A2: ASG-001 | B2: PSN-001 | C2: =IFERROR(INDEX(Person!$B:$B,MATCH($B2,Person!$A:$A,0)),"") | D2: PRJ-001 | E2: Project oversight | F2: 45717 | G2: 46384 | H2: 0.33
A3: ASG-002 | B3: PSN-003 | C3: =IFERROR(INDEX(Person!$B:$B,MATCH($B3,Person!$A:$A,0)),"") | D3: PRJ-001 | E3: Lead data manager | F3: 45778 | G3: 46446 | H3: 0.32
A4: ASG-003 | B4: PSN-005 | C4: =IFERROR(INDEX(Person!$B:$B,MATCH($B4,Person!$A:$A,0)),"") | D4: PRJ-001 | E4: Clinical Data Associator | F4: 45778 | G4: 46384 | H4: 0.3
A5: ASG-004 | B5: PSN-007 | C5: =IFERROR(INDEX(Person!$B:$B,MATCH($B5,Person!$A:$A,0)),"") | D5: PRJ-001 | E5: Clinical Database Programmer | F5: 45717 | G5: 46384 | H5: 0.31
A6: ASG-005 | B6: PSN-009 | C6: =IFERROR(INDEX(Person!$B:$B,MATCH($B6,Person!$A:$A,0)),"") | D6: PRJ-001 | E6: Data Analyst | F6: 45778 | G6: 46446 | H6: 0.17
A7: ASG-006 | B7: PSN-002 | C7: =IFERROR(INDEX(Person!$B:$B,MATCH($B7,Person!$A:$A,0)),"") | D7: PRJ-002 | E7: Project oversight | F7: 46023 | G7: 46873 | H7: 0.33
A8: ASG-007 | B8: PSN-004 | C8: =IFERROR(INDEX(Person!$B:$B,MATCH($B8,Person!$A:$A,0)),"") | D8: PRJ-002 | E8: Lead data manager | F8: 45992 | G8: 46873 | H8: 0.28
A9: ASG-008 | B9: PSN-006 | C9: =IFERROR(INDEX(Person!$B:$B,MATCH($B9,Person!$A:$A,0)),"") | D9: PRJ-002 | E9: Clinical Data Associator | F9: 46023 | G9: 46842 | H9: 0.23
A10: ASG-009 | B10: PSN-008 | C10: =IFERROR(INDEX(Person!$B:$B,MATCH($B10,Person!$A:$A,0)),"") | D10: PRJ-002 | E10: Clinical Database Programmer | F10: 46023 | G10: 46842 | H10: 0.27
A11: ASG-010 | B11: PSN-009 | C11: =IFERROR(INDEX(Person!$B:$B,MATCH($B11,Person!$A:$A,0)),"") | D11: PRJ-002 | E11: Data Analyst | F11: 46023 | G11: 46812 | H11: 0.19
A12: ASG-011 | B12: PSN-001 | C12: =IFERROR(INDEX(Person!$B:$B,MATCH($B12,Person!$A:$A,0)),"") | D12: PRJ-003 | E12: Project oversight | F12: 46082 | G12: 46934 | H12: 0.28
A13: ASG-012 | B13: PSN-003 | C13: =IFERROR(INDEX(Person!$B:$B,MATCH($B13,Person!$A:$A,0)),"") | D13: PRJ-003 | E13: Lead data manager | F13: 46054 | G13: 46903 | H13: 0.36
... A51: ASG-904 | B51: PSN-010 | C51: =IFERROR(INDEX(Person!$B:$B,MATCH($B51,Person!$A:$A,0)),"") | D51: PRJ-010 | E51: Other staff | F51: 46388 | G51: 46630 | H51: 0.22

Sheet PersonPeriodWeight
A1: assignment_id | B1: period_start | C1: period_end | D1: weight_override | E1: reason
A2: ASG-902 | B2: 46023 | C2: 46173 | D2: 0.2 | E2: Part-time - parental leave
A3: ASG-902 | B3: 46327 | C3: 46477 | D3: 0.75 | E3: Covering start-up peak
A4: ASG-903 | B4: 45870 | C4: 45991 | D4: 0.45 | E4: Covering interim analysis peak

Sheet Lists
A1: list_name | B1: value | C1: note_1
A2: project_type | B2: NewDrug CT
A3: project_type | B3: Biosimilar CT
A4: project_type | B4: Others
A5: clinical_phase | B5: Phase 1
A6: clinical_phase | B6: Phase 2
A7: clinical_phase | B7: Phase 3
A8: clinical_phase | B8: Phase 4
A9: outsourcing_type | B9: Full outsourcing
A10: outsourcing_type | B10: Partial outsourcing
A11: outsourcing_type | B11: Full In-house
A12: setup_party | B12: by CRO
A13: setup_party | B13: by SB
... A54: role_others | B54: Other staff

Sheet Config
A1: parameter | B1: value | C1: note
A2: schema_version | B2: 5 | C2: Structure version of this workbook. The application warns on a mismatch.
A3: fte_hours_per_month | B3: 160 | C3: Hours equal to 1.00 FTE: 8 h/day x 5 days/week x 20 days/month.
A4: over_allocation_fte | B4: 1.5 | C4: A person-month total above this is flagged as over-allocated. Absolute, not scaled by capacity (S2-01).
A5: under_allocation_fte | B5: 0.6 | C5: A person-month total below this counts toward an under-allocated run. Absolute, not scaled by capacity (S2-01).
A6: under_allocation_min_months | B6: 3 | C6: Consecutive months below the threshold before a run is flagged.
A7: default_horizon_months | B7: 24 | C7: Months shown when the dashboard opens.
A8: capacity_unit | B8: FTE | C8: Display unit: 'FTE' or 'percent'.
